{"_type":"export","__export_format":4,"__export_date":"2023-11-01T12:09:10.127Z","__export_source":"insomnia.desktop.app:v2023.5.8","resources":[{"_id":"req_bab7e2e9a8a348198c6e0e6ad963d0f7","parentId":"fld_8ebaf42077384236befc9acd3215f720","modified":1698779577856,"created":1691665465756,"url":"http://localhost:3000/pets","name":"Cria Pet","description":"","method":"POST","body":{"mimeType":"application/json","text":"{\n\t\"nome\":\"Bolt\",\n\t\"especie\":\"tartaruga\",\n\t\"dataDeNascimento\":\"2023-10-23\",\n\t\"adotado\":false,\n\t\"porte\":\"grande\"\n}"},"parameters":[],"headers":[{"name":"Content-Type","value":"application/json"}],"authentication":{},"metaSortKey":-1693243626334,"isPrivate":false,"settingStoreCookies":true,"settingSendCookies":true,"settingDisableRenderRequestBody":false,"settingEncodeUrl":true,"settingRebuildPath":true,"settingFollowRedirects":"global","_type":"request"},{"_id":"fld_8ebaf42077384236befc9acd3215f720","parentId":"wrk_ffc9402f14e84c97abbba4e300eb6eee","modified":1693243620443,"created":1693243620443,"name":"Pet","description":"","environment":{},"environmentPropertyOrder":null,"metaSortKey":-1693243620443,"_type":"request_group"},{"_id":"wrk_ffc9402f14e84c97abbba4e300eb6eee","parentId":null,"modified":1697733608240,"created":1697733608240,"name":"Adopet","description":"","scope":"collection","_type":"workspace"},{"_id":"req_a4cb5b0052874ea7bf05d261ff4cc324","parentId":"fld_8ebaf42077384236befc9acd3215f720","modified":1698840485158,"created":1692188233879,"url":"http://localhost:3000/pets/2","name":"Deleta Pet","description":"","method":"DELETE","body":{},"parameters":[{"id":"pair_5c731326da204a4fa377da8d9fff60d7","name":"","value":"","description":""}],"headers":[],"authentication":{},"metaSortKey":-1693243626234,"isPrivate":false,"settingStoreCookies":true,"settingSendCookies":true,"settingDisableRenderRequestBody":false,"settingEncodeUrl":true,"settingRebuildPath":true,"settingFollowRedirects":"global","_type":"request"},{"_id":"req_b7485e77f3b24a989fb2c0c36eddc5c7","parentId":"fld_8ebaf42077384236befc9acd3215f720","modified":1698840488722,"created":1692987006987,"url":"http://localhost:3000/pets/3","name":"Atualiza Pet","description":"","method":"PUT","body":{"mimeType":"application/json","text":"{\n\t\"id\":1,\n\t\"nome\":\"Luz\",\n\t\"especie\":\"cachorro\",\n\t\"idade\":9\n}"},"parameters":[{"id":"pair_5c731326da204a4fa377da8d9fff60d7","name":"","value":"","description":""}],"headers":[{"name":"Content-Type","value":"application/json"}],"authentication":{},"metaSortKey":-1693243626184,"isPrivate":false,"settingStoreCookies":true,"settingSendCookies":true,"settingDisableRenderRequestBody":false,"settingEncodeUrl":true,"settingRebuildPath":true,"settingFollowRedirects":"global","_type":"request"},{"_id":"req_3af4e1eb690942e5b0a249a90f33562a","parentId":"fld_8ebaf42077384236befc9acd3215f720","modified":1698840491491,"created":1693333548023,"url":"http://localhost:3000/pets/1/1","name":"Adota Pet","description":"","method":"PUT","body":{},"parameters":[{"id":"pair_5c731326da204a4fa377da8d9fff60d7","name":"","value":"","description":""}],"headers":[],"authentication":{},"metaSortKey":-1693243626159,"isPrivate":false,"settingStoreCookies":true,"settingSendCookies":true,"settingDisableRenderRequestBody":false,"settingEncodeUrl":true,"settingRebuildPath":true,"settingFollowRedirects":"global","_type":"request"},{"_id":"req_fad0110bcf874af890adab44f3d21885","parentId":"fld_8ebaf42077384236befc9acd3215f720","modified":1698677774687,"created":1691665550148,"url":"http://localhost:3000/pets","name":"Lista pets","description":"","method":"GET","body":{},"parameters":[],"headers":[],"authentication":{},"metaSortKey":-1693243626134,"isPrivate":false,"settingStoreCookies":true,"settingSendCookies":true,"settingDisableRenderRequestBody":false,"settingEncodeUrl":true,"settingRebuildPath":true,"settingFollowRedirects":"global","_type":"request"},{"_id":"req_910241ac666d438aa91a07b747b0a78c","parentId":"fld_8ebaf42077384236befc9acd3215f720","modified":1698799946624,"created":1693600991545,"url":"http://localhost:3000/pets/filtro","name":"Busca pet por campo genérico","description":"","method":"GET","body":{},"parameters":[{"id":"pair_95b538951d6240a086c4b402fe6bbe90","name":"campo","value":"especie","description":""},{"id":"pair_530a4ed7de2046c9a4d57c4eeca51cfb","name":"valor","value":"gato","description":""},{"id":"pair_11de3baf504e4ea6b80909d41893fd86","name":"valor","value":"grande","description":"","disabled":true}],"headers":[{"name":"User-Agent","value":"Insomnia/2023.5.5"}],"authentication":{},"metaSortKey":-1693243625934,"isPrivate":false,"settingStoreCookies":true,"settingSendCookies":true,"settingDisableRenderRequestBody":false,"settingEncodeUrl":true,"settingRebuildPath":true,"settingFollowRedirects":"global","_type":"request"},{"_id":"req_fd3b0fcb6fd442a983c2ed7f5a21f4b7","parentId":"fld_ae069e8de0b7456781de5a10e653003a","modified":1698778240786,"created":1693244029067,"url":"http://localhost:3000/adotantes","name":"Cria Adotante","description":"","method":"POST","body":{"mimeType":"application/json","text":"{\n\t\"nome\":\"Emerson\",\n\t\"senha\":\"Exemplo1!\",\n\t\"celular\":\"27999999999\"\n}"},"parameters":[],"headers":[{"name":"Content-Type","value":"application/json"}],"authentication":{},"metaSortKey":-1693243626334,"isPrivate":false,"settingStoreCookies":true,"settingSendCookies":true,"settingDisableRenderRequestBody":false,"settingEncodeUrl":true,"settingRebuildPath":true,"settingFollowRedirects":"global","_type":"request"},{"_id":"fld_ae069e8de0b7456781de5a10e653003a","parentId":"wrk_ffc9402f14e84c97abbba4e300eb6eee","modified":1693244029064,"created":1693244029064,"name":"Adotante","description":"","environment":{},"environmentPropertyOrder":null,"metaSortKey":-1693243620393,"_type":"request_group"},{"_id":"req_198885a2c7514875968867799456970e","parentId":"fld_ae069e8de0b7456781de5a10e653003a","modified":1698840462177,"created":1693244029080,"url":"http://localhost:3000/adotantes/3","name":"Deleta Adotante","description":"","method":"DELETE","body":{},"parameters":[{"id":"pair_5c731326da204a4fa377da8d9fff60d7","name":"","value":"","description":""}],"headers":[],"authentication":{},"metaSortKey":-1693243626234,"isPrivate":false,"settingStoreCookies":true,"settingSendCookies":true,"settingDisableRenderRequestBody":false,"settingEncodeUrl":true,"settingRebuildPath":true,"settingFollowRedirects":"global","_type":"request"},{"_id":"req_f8d495f591304b5b96bcf9cc987a90da","parentId":"fld_ae069e8de0b7456781de5a10e653003a","modified":1698840465294,"created":1693254431059,"url":"http://localhost:3000/adotantes/2","name":"Atualiza Endereço do Adotante","description":"","method":"PATCH","body":{"mimeType":"application/json","text":"{\n\t\t\"cidade\":\"São Paulo\",\n\t\t\"estado\":\"São Paulo\"\n\t}"},"parameters":[{"id":"pair_5c731326da204a4fa377da8d9fff60d7","name":"","value":"","description":""}],"headers":[{"name":"Content-Type","value":"application/json"}],"authentication":{},"metaSortKey":-1693243626209,"isPrivate":false,"settingStoreCookies":true,"settingSendCookies":true,"settingDisableRenderRequestBody":false,"settingEncodeUrl":true,"settingRebuildPath":true,"settingFollowRedirects":"global","_type":"request"},{"_id":"req_84bd522c18cc482a8cead661afaa55a4","parentId":"fld_ae069e8de0b7456781de5a10e653003a","modified":1698800642960,"created":1693244029090,"url":"http://localhost:3000/adotantes/2","name":"Atualiza Adotante","description":"","method":"PUT","body":{"mimeType":"application/json","text":"{\n\t\"nome\":\"Lucas\",\n\t\"senha\":\"123456\",\n\t\"celular\":\"99991234\",\n\t\"foto\":\"foto-legal.png\"\n}"},"parameters":[{"id":"pair_5c731326da204a4fa377da8d9fff60d7","name":"","value":"","description":""}],"headers":[{"name":"Content-Type","value":"application/json"}],"authentication":{},"metaSortKey":-1693243626184,"isPrivate":false,"settingStoreCookies":true,"settingSendCookies":true,"settingDisableRenderRequestBody":false,"settingEncodeUrl":true,"settingRebuildPath":true,"settingFollowRedirects":"global","_type":"request"},{"_id":"req_d06c0fc3f5f049c7932e97e84b61f86f","parentId":"fld_ae069e8de0b7456781de5a10e653003a","modified":1693247144937,"created":1693244029074,"url":"http://localhost:3000/adotantes","name":"Lista Adotantes","description":"","method":"GET","body":{},"parameters":[],"headers":[],"authentication":{},"metaSortKey":-1693243626134,"isPrivate":false,"settingStoreCookies":true,"settingSendCookies":true,"settingDisableRenderRequestBody":false,"settingEncodeUrl":true,"settingRebuildPath":true,"settingFollowRedirects":"global","_type":"request"},{"_id":"req_fa4e6217d7a5469c868677f63a7595cb","parentId":"fld_5e9b32c889ed4633aad03d3014df1d89","modified":1698835712986,"created":1698804376347,"url":"http://localhost:3000/abrigos","name":"Cria Abrigo","description":"","method":"POST","body":{"mimeType":"application/json","text":"{\n\t\"nome\":\"Emerson\",\n\t\"senha\":\"Exemplo1!\",\n\t\"email\":\"abrigo3@email.com\",\n\t\"celular\":\"27999999389\",\n\t\"endereco\":{\n\t\t\"cidade\":\"Vila Velha\",\n\t\t\"estado\": \"Espírito Santo\"\n\t}\n}"},"parameters":[],"headers":[{"name":"Content-Type","value":"application/json"}],"authentication":{},"metaSortKey":-1693243626334,"isPrivate":false,"settingStoreCookies":true,"settingSendCookies":true,"settingDisableRenderRequestBody":false,"settingEncodeUrl":true,"settingRebuildPath":true,"settingFollowRedirects":"global","_type":"request"},{"_id":"fld_5e9b32c889ed4633aad03d3014df1d89","parentId":"wrk_ffc9402f14e84c97abbba4e300eb6eee","modified":1698804376346,"created":1698804376346,"name":"Abrigo","description":"","environment":{},"environmentPropertyOrder":null,"metaSortKey":-1693243620343,"_type":"request_group"},{"_id":"req_9b848120e1704a7485bd3818a216af9a","parentId":"fld_5e9b32c889ed4633aad03d3014df1d89","modified":1698806390080,"created":1698804376352,"url":"http://localhost:3000/abrigos/1","name":"Deleta Abrigo","description":"","method":"DELETE","body":{},"parameters":[{"id":"pair_5c731326da204a4fa377da8d9fff60d7","name":"","value":"","description":""}],"headers":[],"authentication":{},"metaSortKey":-1693243626234,"isPrivate":false,"settingStoreCookies":true,"settingSendCookies":true,"settingDisableRenderRequestBody":false,"settingEncodeUrl":true,"settingRebuildPath":true,"settingFollowRedirects":"global","_type":"request"},{"_id":"req_30235992ab3042d38181f0800bbec2ae","parentId":"fld_5e9b32c889ed4633aad03d3014df1d89","modified":1698806365348,"created":1698804376353,"url":"http://localhost:3000/abrigos/","name":"Atualiza Abrigo","description":"","method":"PUT","body":{"mimeType":"application/json","text":"{\n\t\"nome\":\"Luiza\",\n\t\"senha\":\"Exemplo1!\",\n\t\"email\":\"abrigo2@email.com\",\n\t\"celular\":\"27999999979\"\n}"},"parameters":[{"id":"pair_5c731326da204a4fa377da8d9fff60d7","name":"","value":"","description":""}],"headers":[{"name":"Content-Type","value":"application/json"}],"authentication":{},"metaSortKey":-1693243626184,"isPrivate":false,"settingStoreCookies":true,"settingSendCookies":true,"settingDisableRenderRequestBody":false,"settingEncodeUrl":true,"settingRebuildPath":true,"settingFollowRedirects":"global","_type":"request"},{"_id":"req_75c4a8b7bef745e4a7d1edb15b487266","parentId":"fld_5e9b32c889ed4633aad03d3014df1d89","modified":1698804447833,"created":1698804376350,"url":"http://localhost:3000/abrigos","name":"Lista Abrigos","description":"","method":"GET","body":{},"parameters":[],"headers":[],"authentication":{},"metaSortKey":-1693243626134,"isPrivate":false,"settingStoreCookies":true,"settingSendCookies":true,"settingDisableRenderRequestBody":false,"settingEncodeUrl":true,"settingRebuildPath":true,"settingFollowRedirects":"global","_type":"request"},{"_id":"env_dae1ab8bfe014b598998f2e3fc8b1e69","parentId":"wrk_ffc9402f14e84c97abbba4e300eb6eee","modified":1691665458241,"created":1691665458241,"name":"Base Environment","data":{},"dataPropertyOrder":null,"color":null,"isPrivate":false,"metaSortKey":1691665458241,"_type":"environment"},{"_id":"jar_37ceb99ee227405fa541cbba6cfba7e2","parentId":"wrk_ffc9402f14e84c97abbba4e300eb6eee","modified":1691665458243,"created":1691665458243,"name":"Default Jar","cookies":[],"_type":"cookie_jar"}]}